Time,Concentration
26.037174721189558, 1249.264143789949
217.8052044609666, 328.6462071566466
481.6386617100373, 126.00034875896847
649.5107806691452, 60.34887033371548