,AB40_Monomer,AB42_Monomer,AB40_Oligomer,AB42_Oligomer,AB40_Fibril,AB42_Fibril,AB40_Plaque,AB42_Plaque
Tellurium,273.01639324690683,5.771304315111236,6604.5019644608265,1954.9724354032714,9490.384161491738,2722.120548260802,54.141392838604276,61.28212409959401
Diffrax/JAX,273.01639325043004,5.771304319687507,6604.501964355124,1954.9724337510502,9490.384161347665,2722.1205459943944,54.141392839776806,61.28212400457951
