,AB40_Monomer,AB42_Monomer,AB40_Oligomer,AB42_Oligomer,AB40_Fibril,AB42_Fibril,AB40_Plaque,AB42_Plaque
Tellurium,1051.124666436823,93.05570000913109,805.7772190938504,0.6830536195319122,185.75337878468412,7.932822682045099e-30,157287.17115598154,3.101310162591765e-19
Diffrax/JAX,1051.1240817028427,93.05570662340972,805.777561091046,0.6830537315398257,185.75340072924035,7.932825441284057e-30,157287.11993020773,3.101149655956018e-19
