,AB40_Monomer,AB42_Monomer,AB40_Oligomer,AB42_Oligomer,AB40_Fibril,AB42_Fibril,AB40_Plaque,AB42_Plaque
Tellurium,273.01639326700706,5.70955974539848,6604.501963866251,1965.9517915504075,9490.384160654554,2753.618355784903,54.14139284072242,89.49446786428958
Diffrax/JAX,1070.5540215760836,94.36737640662277,839.8994936663689,0.7025634267797587,194.60921355117833,1.0064077902761256e-29,336131.4730281557,1.4717160387807404e-18
