,AB40_Monomer,AB42_Monomer,AB40_Oligomer,AB42_Oligomer,AB40_Fibril,AB42_Fibril,AB40_Plaque,AB42_Plaque
Combined Master,1070.5540215760836,94.36737640662277,839.8994936663689,0.7025634267797587,194.60921355117833,1.0064077902761256e-29,336131.4730281557,1.4717160387807404e-18
ODE Version,1070.5541967040217,94.36740932477996,839.9004214099177,0.7025639592808522,194.60941558518593,1.0064146027010587e-29,336131.6874790409,1.471721717027673e-18
