,AB40_Monomer,AB42_Monomer,AB40_Oligomer,AB42_Oligomer,AB40_Fibril,AB42_Fibril,AB40_Plaque,AB42_Plaque
Combined Master,1070.5540215760836,94.36737640662277,839.8994936663689,0.7025634267797587,194.60921355117833,1.0064077902761256e-29,336131.4730281557,1.4717160387807404e-18
ODE Version,273.01639325043004,5.771304319687507,6604.501964355124,1954.9724337510502,9490.384161347665,2722.1205459943944,54.141392839776806,61.28212400457951
