,AB40_Monomer,AB42_Monomer,AB40_Oligomer,AB42_Oligomer,AB40_Fibril,AB42_Fibril,AB40_Plaque,AB42_Plaque
Combined Master,1070.5540244275226,91.71965292884946,839.8994998029343,5.548470854018885,194.60921520480912,1.7883971893971407,336131.4736438057,6118.6961192850495
ODE Version,1070.5541967040251,94.0969283700756,839.9004214098572,0.582610465712141,194.6094155851254,0.18661355577455688,336131.6874786984,646.554811925085
