,AB40_Monomer,AB42_Monomer,AB40_Oligomer,AB42_Oligomer,AB40_Fibril,AB42_Fibril,AB40_Plaque,AB42_Plaque
Combined Master,1051.1240817028427,93.05570662340972,805.777561091046,0.6830537315398257,185.75340072924035,7.932825441284057e-30,157287.11993020773,3.101149655956018e-19
ODE Version,1051.124666436181,93.05570000912746,805.7772190952736,0.6830536195318602,185.75337878624418,7.932822682041599e-30,157287.1711588596,3.1011583164627704e-19
